name,attributes,material,warranty,generated_description,latency_ms,input_tokens,output_tokens,fluency,grammar,tone,length,grounding,latency,cost,cost_dollars,final_score,tone_explanation_judge,tone_verdict_judge,judge_status,judge_error_message,fluency_explanation_judge,fluency_verdict_judge,grammar_explanation_judge,grammar_verdict_judge,length_explanation_judge,length_verdict_judge,grounding_explanation_judge,grounding_verdict_judge,final_score_explanation_judge,final_score_verdict_judge
Apple iPhone 15 Pro,"features: A17 Pro chip, 120 Hz ProMotion display, USB‑C fast charging; dimensions: compact","titanium frame, Ceramic Shield glass",1‑year limited warranty,"Experience the latest in smartphone technology with the Apple iPhone 15 Pro. This sleek device is crafted with a durable titanium frame and shielded by Ceramic Shield glass. The 120Hz ProMotion display brings your visuals to life, while the A17 Pro chip delivers smooth performance. Stay powered with fast USB-C charging and enjoy peace of mind with a 1-year limited warranty.",6602.313209,237,84,GOOD,GOOD,GOOD,GOOD,GOOD,BAD,GOOD,9.78e-06,PASS,The description uses a clear and concise tone that highlights the key features and benefits of the iPhone 15 Pro without being overly promotional or using exaggerated language.,GOOD,success,,,,,,,,,,,
Samsung Galaxy S24 Ultra,"features: 200 MP camera, S‑Pen support, 120 Hz AMOLED; sustainably sourced","Armor Aluminum frame, Gorilla Glass Victus",1‑year limited warranty,"Experience the premium build of the Samsung Galaxy S24 Ultra, featuring an Armor Aluminum frame and Gorilla Glass Victus construction for enhanced durability. This device is designed with a 120Hz AMOLED screen and includes S-Pen support for your next creative project. Capture life's moments with a 200MP camera. Peace of mind comes standard with a 1-year limited warranty.",8334.171583,240,78,GOOD,GOOD,GOOD,GOOD,OK,BAD,GOOD,9.48e-06,PASS,The description uses a professional and informative tone without being overly promotional. It highlights key features and benefits in a clear and concise manner.,GOOD,success,,,,,,,,,,,
Google Pixel 8 Pro,"features: Tensor G3 chip, Magic Eraser, 50 MP camera; rating: 4.7/5","matte glass back, aluminum frame",1‑year limited warranty,"Capture life's moments with the Google Pixel 8 Pro, featuring a 50MP camera and innovative Magic Eraser technology. Powered by a Tensor G3 chip, this premium smartphone has a sleek design with a matte glass back and aluminum frame. Enjoy peace of mind with a 1-year limited warranty. With a 4.7/5 rating, this phone has earned high praise from satisfied customers.",5602.047541,238,90,GOOD,GOOD,GOOD,GOOD,OK,BAD,GOOD,1.016e-05,PASS,"The description uses a friendly and informative tone, highlighting key features and benefits without being overly promotional. It strikes a good balance between providing details and enticing the reader.",GOOD,success,,,,,,,,,,,
Sony WH‑1000XM5 Headphones,"features: active noise cancelling, 30 hr battery, Bluetooth 5.2; capacity: large",synthetic leather earcups,1‑year limited warranty,"Enjoy rich sound and stay connected in comfort with the Sony WH-1000XM5 Headphones. These large-capacity headphones feature active noise cancelling technology and a 30-hour battery life, ensuring you stay immersed in your music for extended periods. The synthetic leather earcups provide a snug fit, while Bluetooth 5.2 connectivity allows for seamless streaming. Includes a 1-year limited warranty for added peace of mind.",8642.345875,237,86,GOOD,GOOD,GOOD,GOOD,GOOD,BAD,GOOD,9.9e-06,PASS,The description uses a friendly and informative tone without being overly promotional. It highlights key features and benefits in a clear and concise manner.,GOOD,success,,,,,,,,,,,
Bose QuietComfort Ultra Earbuds,"features: CustomTune sound calibration, ANC, IPX4; award‑winning design",silicone ear tips,1‑year limited warranty,"Experience sound tailored to you with Bose QuietComfort Ultra Earbuds. Featuring award-winning design and customizable sound through CustomTune, these earbuds deliver rich audio. With ANC and IPX4 water resistance, you can enjoy superior sound in a variety of environments. Durable silicone ear tips ensure a secure fit. Protected by a 1-year limited warranty, these earbuds are designed to provide long-lasting performance.",8759.977542,231,86,GOOD,GOOD,GOOD,GOOD,GOOD,BAD,GOOD,9.78e-06,PASS,"The description uses a friendly and informative tone, highlighting key features and benefits without being overly promotional.",GOOD,success,,,,,,,,,,,
Amazon Echo Dot (5th Gen),"features: Alexa voice assistant, temperature sensor, improved bass; sustainably sourced",recycled fabric mesh,1‑year limited warranty,"Introducing the Amazon Echo Dot (5th Gen), a compact smart speaker with Alexa voice assistant. This eco-friendly device features a sustainably sourced recycled fabric mesh design and improved bass for enhanced sound. The Echo Dot also includes a temperature sensor. With its compact size and powerful sound, this smart speaker is perfect for any room. Purchase with confidence, backed by a 1-year limited warranty.",7610.433542,227,80,GOOD,GOOD,GOOD,GOOD,GOOD,BAD,GOOD,9.34e-06,PASS,The description uses a neutral and informative tone suitable for a product description. It highlights key features and benefits without being overly promotional or using emotionally charged language.,OK,success,,,,,,,,,,,
Dell XPS 13 9310 Laptop,"features: 13.4″ FHD+ display, Intel Core i5, Thunderbolt 4; dimensions: compact",CNC aluminum & carbon‑fiber palmrest,1‑year limited hardware warranty,"Meet the Dell XPS 13 9310 Laptop, crafted with premium materials and designed for portability. This compact laptop features a 13.4″ FHD+ display and is powered by an Intel Core i5 processor. Connect and transfer data with ease via Thunderbolt 4. The durable CNC aluminum and carbon-fiber palmrest ensure a long-lasting build. Backed by a 1-year limited hardware warranty. Perfect for work or play, the XPS 13 9310 is a great choice for those who need a reliable and compact laptop.",9667.359583,245,115,GOOD,GOOD,GOOD,GOOD,OK,BAD,GOOD,1.18e-05,PASS,The description uses a straightforward and informative tone that highlights the laptop's features and benefits without being overly promotional or using exaggerated language.,GOOD,success,,,,,,,,,,,
Apple MacBook Air 13″ (M3),"features: M3 chip, 18‑hour battery, 1080p camera; energy efficient",recycled aluminum unibody,1‑year limited warranty,"Get portable productivity with the Apple MacBook Air 13″, featuring the M3 chip and up to 18 hours of battery life. Equipped with a 1080p camera and made from recycled aluminum, this sleek laptop is designed to be energy efficient. Backed by a 1-year limited warranty, this MacBook Air 13″ is the perfect companion for work and play on the go.",5558.522708,236,82,GOOD,GOOD,GOOD,GOOD,GOOD,BAD,GOOD,9.64e-06,PASS,"The description uses a friendly and informative tone, highlighting key features and benefits without being overly promotional or pushy.",GOOD,success,,,,,,,,,,,
Microsoft Surface Pro 10,"features: Intel Core Ultra, detachable keyboard, 13″ PixelSense; dimensions: compact",magnesium alloy chassis,1‑year limited warranty,"Experience mobility and versatility with the Microsoft Surface Pro 10. This compact device features a 13-inch PixelSense display, detachable keyboard, and Intel Core Ultra processor. Its sturdy magnesium alloy chassis provides a reliable build. Get to work or create with confidence, backed by a 1-year limited warranty.",5265.359666,229,63,GOOD,GOOD,GOOD,OK,GOOD,BAD,GOOD,8.36e-06,PASS,The description uses a professional and informative tone without being overly promotional. It highlights key features and benefits in a clear and concise manner.,GOOD,success,,,,,,,,,,,
Garmin Forerunner 255,"features: multi‑band GPS, HRV status, 14‑day battery; rating: 4.7/5",fiber‑reinforced polymer,1‑year limited warranty,"""Stay on track with the Garmin Forerunner 255, a sleek and powerful GPS running watch. Featuring multi-band GPS and HRV status, you'll get accurate distance measurement and a better understanding of your body's recovery. With up to 14 days of battery life, you can track your progress without worrying about running out of juice. Built with durable fiber-reinforced polymer, this watch is built to last. Includes a 1-year limited warranty for peace of mind.""",11026.92238,239,113,GOOD,GOOD,GOOD,GOOD,OK,BAD,GOOD,1.156e-05,PASS,"The description uses a friendly and informative tone, highlighting key features and benefits in a clear and concise manner. It avoids overly promotional language and maintains a credible voice.",GOOD,success,,,,,,,,,,,
Fitbit Charge 6,"features: heart‑rate monitor, built‑in GPS, 7‑day battery; color options: multiple",aluminum case,1‑year limited warranty,"Elevate your fitness routine with the Fitbit Charge 6. This sleek design combines a durable aluminum case with the essential features you need to track your progress. Monitor your heart rate and explore your world with built-in GPS. Enjoy up to 7 days of battery life, receiving notifications of color choices to suit your style. Covered by a 1-year limited warranty.",7441.50125,231,76,GOOD,GOOD,GOOD,GOOD,OK,BAD,GOOD,9.18e-06,PASS,"The description uses a slightly promotional tone, emphasizing the product's benefits and features. However, it avoids being overly pushy or exaggerated.",OK,success,,,,,,,,,,,
GoPro HERO12 Black,"features: 5.3K60 video, HyperSmooth 6.0, waterproof 10 m; capacity: large",rugged polycarbonate,1‑year limited warranty,"Capture life's most epic moments with the GoPro HERO12 Black. This rugged camera features 5.3K60 video and HyperSmooth 6.0 technology for smooth footage. Rated waterproof to 10 meters, it's perfect for underwater adventures. Built with durable rugged polycarbonate, it can withstand rough handling. Protected by a 1-year limited warranty, you can trust that your camera is covered in case of any issues.",6815.747416,237,89,GOOD,GOOD,GOOD,GOOD,OK,BAD,GOOD,1.008e-05,PASS,,,error,"1 validation error for CriterionJudgeResult
  Invalid JSON: EOF while parsing an object at line 3774 column 0 [type=json_invalid, input_value='{\n""explanation"": ""The d... \n  \n  \n  \n  \n  \n', input_type=str]
    For further information visit https://errors.pydantic.dev/2.12/v/json_invalid",,,,,,,,,,
DJI Mini 4 Pro Drone,"features: 4K/60fps, omnidirectional obstacle sensing, <250 g; rating: 4.7/5",composite plastic,1‑year limited warranty,"Capture stunning moments with the DJI Mini 4 Pro Drone. This compact drone features 4K/60fps video and omnidirectional obstacle sensing for a safer flying experience. Constructed with durable composite plastic, it weighs under 250g. With a 4.7/5-star rating, this drone is a top choice among enthusiasts. Enjoy peace of mind with a 1-year limited warranty.",8434.732084,239,92,GOOD,GOOD,GOOD,GOOD,OK,BAD,GOOD,1.03e-05,PASS,The description uses a friendly and persuasive tone without being overly promotional. It highlights key features and benefits in a clear and concise manner.,GOOD,success,,,,,,,,,,,
Nintendo Switch OLED,"features: 7″ OLED screen, docked & handheld modes, 64 GB storage; capacity: large",plastic chassis,1‑year limited warranty,"Experience the Nintendo Switch OLED with a stunning 7"" OLED screen, offering vibrant visuals and immersion. Choose between docked and handheld modes to play however you like, and enjoy 64 GB of storage for all your games and apps. The durable plastic chassis provides a solid build. Covered by a 1-year limited warranty, this console is built to last your gaming adventures.",6979.701875,230,76,GOOD,GOOD,GOOD,GOOD,OK,BAD,GOOD,9.16e-06,PASS,The description uses a friendly and informative tone without being overly promotional. It highlights key features and benefits in a clear and concise manner.,GOOD,success,,,,,,,,,,,
PlayStation 5 Slim,"features: ray tracing, haptic feedback controller, 1 TB SSD; battery: long‑lasting",plastic shell,1‑year limited warranty,"Experience high-performance gaming with the PlayStation 5 Slim. Equipped with a 1TB SSD and features like ray tracing, this console delivers a seamless gaming experience. The included haptic feedback controller adds tactile depth to your gameplay. Made with a durable plastic shell, the PlayStation 5 Slim is built to last. Plus, enjoy peace of mind with our 1-year limited warranty.",6948.619875,229,88,GOOD,GOOD,GOOD,GOOD,OK,BAD,GOOD,9.86e-06,PASS,The description uses a clear and concise tone that highlights the key features and benefits of the console. It avoids overly promotional language and maintains a professional voice.,GOOD,success,,,,,,,,,,,
Xbox Series X,"features: 12 TFLOPS GPU, 1 TB SSD, 4K @ 120 Hz; battery: long‑lasting",matte black casing,1‑year limited warranty,"Experience next-gen gaming with the Xbox Series X, featuring a powerful 12 TFLOPS GPU and 1TB SSD for seamless 4K gaming at 120Hz. The long-lasting design is paired with a durable matte black casing. Backed by a 1-year limited warranty, this console is ready for the most immersive gaming experience.",7951.046125,238,83,,,,,,,,9.74e-06,,The description uses clear and concise language to highlight the console's features and benefits. It maintains a professional and informative tone without being overly promotional or using exaggerated claims.,GOOD,success,,,,,,,,,,,
Instant Pot Duo 6‑Quart,"features: 7‑in‑1 multicooker, stainless steel inner pot, 1000 W heating; weight: light",18/8 stainless steel,1‑year limited warranty,"Experience the versatility of a 7-in-1 multicooker with the Instant Pot Duo 6-Quart. Boasting a stainless steel inner pot and 1000W heating, this convenient kitchen appliance features a durable 18/8 stainless steel construction. With its light weight, you can effortlessly move it around your kitchen. Plus, it's backed by a 1-year limited warranty for your peace of mind.",6655.52325,243,86,,,,,,,,1.002e-05,,"The description uses a straightforward and informative tone, highlighting the product's features and benefits without being overly promotional or using exaggerated language.",OK,success,,,,,,,,,,,
Keurig K‑Supreme Plus Smart,"features: multistream extraction, BrewID, 78 oz reservoir; capacity: large",brushed stainless steel accents,1‑year limited warranty,"Experience the Keurig K‑Supreme Plus Smart coffee maker, designed with style and convenience in mind. This large-capacity brewer features a 78oz reservoir and advanced multistream extraction technology. The sleek design boasts brushed stainless steel accents, adding a touch of sophistication to any kitchen. Backed by a 1-year limited warranty, this smart brewer is perfect for those who demand the best.",6593.158417,233,83,,,,,,,,9.64e-06,,The description uses positive language and highlights features in a way that is appealing to consumers without being overly promotional or making exaggerated claims.,GOOD,success,,,,,,,,,,,
Vitamix 5200 Blender,"features: variable speed, 2‑hp motor, self‑cleaning; sustainably sourced",BPA‑free Tritan jar,7‑year warranty,"""Upgrade your kitchen with the Vitamix 5200 Blender. Featuring a 2-hp motor and variable speed, this blender gives you total control over your recipe. The BPA-free Tritan jar is durable and easy to use. Plus, the self-cleaning feature makes maintenance a breeze. With a 7-year warranty, you can trust this blender for years to come. Sustainably sourced for a clear conscience, the Vitamix 5200 is a great addition to your kitchen arsenal.""",7569.879792,234,104,,,,,,,,1.092e-05,,The description uses a friendly and persuasive tone without being overly promotional. It highlights key features and benefits in a clear and concise manner.,GOOD,success,,,,,,,,,,,
Dyson V15 Detect Vacuum,"features: laser dust detection, HEPA filtration, 60‑min run‑time; energy efficient",polycarbonate & aluminum,2‑year parts & labor,"Meet the Dyson V15 Detect Vacuum. Featuring advanced laser dust detection and a HEPA filtration system, this vacuum is designed to help you clean with precision. With a 60-minute run-time and energy-efficient design, it's perfect for tackling large spaces without breaking a sweat. Made from durable polycarbonate and aluminum, this vacuum is designed to last, backed by a 2-year warranty.",5518.7435,234,81,,,,,,,,9.54e-06,,The description uses a clear and concise tone that is informative without being overly promotional. It highlights key features and benefits in a straightforward manner.,GOOD,success,,,,,,,,,,,
iRobot Roomba j7+,"features: PrecisionVision navigation, self‑emptying Clean Base, Alexa; award‑winning design",plastic housing,1‑year limited warranty,"Meet the iRobot Roomba j7+, a cutting-edge vacuum with sleek precision. Its award-winning design and plastic housing make it a standout in its class. With features like PrecisionVision navigation and integration with Alexa, this robot makes cleaning effortless. Plus, take advantage of the included self-emptying Clean Base for added convenience. Enjoy your clean home with a 1-year limited warranty, peace of mind included.",7059.759792,230,83,,,,,,,,9.58e-06,,The description uses positive and persuasive language while maintaining a friendly and approachable tone. It highlights key features and benefits without being overly promotional or making exaggerated claims.,GOOD,success,,,,,,,,,,,
Yeti Rambler 20 oz Tumbler,"features: double‑wall vacuum insulated, MagSlider lid; dimensions: compact",kitchen‑grade stainless steel,5‑year warranty,"""Elevate your everyday with the Yeti Rambler 20 oz Tumbler. Crafted from kitchen-grade stainless steel, this compact tumbler features a double-wall vacuum insulated design with a MagSlider lid for secure closure. With a 5-year warranty backing it, the Yeti Rambler is built to last. Perfect for hot or cold drinks on-the-go.""",5791.154042,233,79,,,,,,,,9.4e-06,,The description uses a friendly and persuasive tone without being overly promotional or pushy. It highlights key features and benefits in a clear and concise manner.,GOOD,success,,,,,,,,,,,
Stanley Quencher H2.0 40 oz,"features: vacuum insulated, flow‑state lid, cup‑holder friendly; battery: long‑lasting",recycled stainless steel,lifetime warranty,"Stay hydrated on the go with the Stanley Quencher H2.0 40 oz. Made from durable recycled stainless steel, this insulated cup is designed for long-lasting use. The flow-state lid and cup-holder friendly design make it perfect for everyday adventures. Plus, you can rely on the lifetime warranty for peace of mind. Great for hot or cold drinks, this quencher keeps your beverage at the right temperature.",7703.9155,233,85,,,,,,,,9.76e-06,,The description uses a friendly and informative tone without being overly promotional. It highlights key features and benefits in a clear and concise manner.,GOOD,success,,,,,,,,,,,
Hydro Flask 32 oz Wide Mouth,"features: TempShield insulation, Color Last powder coat; dimensions: compact",pro‑grade stainless steel,lifetime warranty,"Stay hydrated with our Hydro Flask 32oz Wide Mouth. Made from pro-grade stainless steel, this insulated container features TempShield technology and Color Last powder coat for a long-lasting finish. Its compact design makes it easy to take on the go, and with a lifetime warranty, you can trust it will last.uitable for daily use.",4550.971041,225,68,,,,,,,,8.58e-06,,The description uses a straightforward and informative tone suitable for a product description. It highlights key features and benefits without being overly promotional or using exaggerated language.,OK,success,,,,,,,,,,,
Contigo Autoseal West Loop 16 oz,"features: autoseal spill‑proof lid, double‑wall insulation; dimensions: compact",stainless steel,lifetime warranty,"Stay hydrated on-the-go with the Contigo Autoseal West Loop 16oz. This compact water bottle features a leak-proof autoseal lid and is made from durable stainless steel. The double-wall insulation helps keep drinks hot or cold for hours. With a lifetime warranty, you can trust that your investment will last. Bring this lightweight companion with you wherever you roam.",5046.608,229,76,,,,,,,,9.14e-06,,The description uses friendly and persuasive language without being overly promotional. It highlights key features and benefits in a clear and concise manner.,GOOD,success,,,,,,,,,,,
Nike Air Zoom Pegasus 40,"features: React foam, Zoom Air units, engineered mesh upper; energy efficient",textile & synthetic,2‑year manufacturer warranty,"Upgrade your run with the Nike Air Zoom Pegasus 40. This shoe features React foam for comfort and Zoom Air units for added responsiveness. The engineered mesh upper provides breathability, making for a cool and efficient run. Crafted from textile and synthetic materials, the Air Zoom Pegasus 40 is built to last with a 2-year manufacturer warranty for peace of mind.",4875.265166,227,76,,,,,,,,9.1e-06,,The description uses a clear and direct sales voice without being overly promotional or pushy. It highlights key features and benefits in a concise and informative manner.,GOOD,success,,,,,,,,,,,
Adidas Ultraboost Light,"features: Light BOOST midsole, Primeknit+ upper, Continental rubber; rating: 4.7/5",textile & synthetic,2‑year manufacturer warranty,"Take your runs to the next level with the Adidas Ultraboost Light. This high-rated shoe features a Light BOOST midsole and Primeknit+ upper for a comfortable fit. The Continental rubber outsole provides durability. Crafted with a mix of textile and synthetic materials, the Ultraboost Light offers a reliable choice for performance. Backed by a 2-year manufacturer warranty, you can trust in its quality and performance.",6132.152875,234,87,,,,,,,,9.9e-06,,"The description uses a friendly and informative tone, highlighting key features and benefits without being overly promotional.",GOOD,success,,,,,,,,,,,
The North Face ThermoBall Eco Jacket,"features: synthetic ThermoBall insulation, DWR finish; dimensions: compact",100% recycled nylon,lifetime warranty,"The North Face ThermoBall Eco Jacket is a compact, eco-friendly option for active endeavors. Made from 100% recycled nylon, this jacket prioritizes sustainability. The synthetic ThermoBall insulation and durable water repellent (DWR) finish provide protection and warmth. For added peace of mind, The North Face offers a lifetime warranty on this jacket. Ideal for those who value both style and environmental responsibility.",5691.92725,226,83,,,,,,,,9.5e-06,,The description uses a friendly and informative tone without being overly promotional. It highlights both the product's functionality and its eco-friendly features.,GOOD,success,,,,,,,,,,,
Patagonia Black Hole 32 L Backpack,"features: weather‑resistant, laptop sleeve, padded straps; capacity: large",100% recycled polyester ripstop,lifetime warranty,"Safely carry your essentials on the go with the Patagonia Black Hole 32 L Backpack. Made from 100% recycled polyester ripstop, this durable backpack features a weather-resistant design to keep your gear protected. A laptop sleeve and padded straps provide added comfort. Confidence in your purchase is guaranteed with Patagonia's lifetime warranty.",4921.554,231,70,,,,,,,,8.82e-06,,The description uses a clear and concise tone that is informative without being overly promotional. It highlights key features and benefits in a straightforward manner.,GOOD,success,,,,,,,,,,,
Osprey Farpoint 40,"features: stowaway harness, laptop sleeve, carry‑on size; energy efficient",450D recycled nylon,lifetime warranty,"""Explore the world with the Osprey Farpoint 40, a feature-rich backpack built for travel. This carry-on size pack includes a stowaway harness and laptop sleeve, making it perfect for short trips. Crafted from 450D recycled nylon, the Farpoint 40 is built to last. And with a lifetime warranty, you can trust your investment. Grab your passport and hit the road with the Osprey Farpoint 40.""",8982.606417,227,93,,,,,,,,1.012e-05,,,,error,"1 validation error for CriterionJudgeResult
  Invalid JSON: EOF while parsing an object at line 3777 column 2 [type=json_invalid, input_value='{\n""explanation"": ""The d...n  \n  \n  \n  \n  \n  ', input_type=str]
    For further information visit https://errors.pydantic.dev/2.12/v/json_invalid",,,,,,,,,,
LEGO Star Wars Millennium Falcon 75192,"features: 7 541 pieces, detailed interior, minifigs included; battery: long‑lasting",ABS plastic bricks,lifetime replacement of missing bricks,"Build the ultimate Star Wars experience with the LEGO Star Wars Millennium Falcon 75192. This detailed model features a large number of LEGO elements, including 7,541 pieces that come together to recreate the iconic spaceship. The model also showcases a detailed interior and includes multiple minifigures. Constructed with high-quality ABS plastic bricks, this build is sure to provide hours of creative fun. Plus, enjoy the peace of mind that comes with our lifetime replacement warranty for missing bricks.",7032.401792,233,97,,,,,,,,1.048e-05,,,,error,"1 validation error for CriterionJudgeResult
  Invalid JSON: EOF while parsing an object at line 3769 column 2 [type=json_invalid, input_value='{\n""explanation"": ""The d...n  \n  \n  \n  \n  \n  ', input_type=str]
    For further information visit https://errors.pydantic.dev/2.12/v/json_invalid",,,,,,,,,,
LEGO Icons Botanical Orchid 10311,"features: 608 pieces, adjustable blooms, decorative set; color options: multiple",ABS plastic bricks,lifetime replacement of missing bricks,"Bring a touch of elegance to your space with the LEGO Icons Botanical Orchid 10311. This decorative set features adjustable blooms and a unique design, crafted from high-quality ABS plastic bricks. With 608 pieces, you'll have plenty to work with. This set offers multiple color options, so you can choose the one that fits your style best. Plus, enjoy peace of mind with our lifetime warranty for missing bricks.",5804.795416,229,86,,,,,,,,9.74e-06,,"The description uses a friendly and inviting tone, highlighting the elegance and decorative aspects of the product. It avoids overly promotional language and focuses on the features and benefits in a clear and concise manner.",GOOD,success,,,,,,,,,,,
Kindle Paperwhite 11th Gen,"features: 6.8″ glare‑free display, 10‑week battery, USB‑C; dimensions: compact",recycled plastic,1‑year limited warranty,"Explore the written word with the Kindle Paperwhite 11th Gen. Its compact design and 6.8″ glare-free display make for a comfortable reading experience. Powered by a rechargeable battery that lasts 10 weeks, you can focus on getting lost in a good book. Made from recycled plastic, this device is both functional and sustainable. Backed by a 1-year limited warranty, you can enjoy worry-free reading with the Kindle Paperwhite 11th Gen.",6316.447209,236,96,,,,,,,,1.048e-05,,The description uses a friendly and informative tone without being overly promotional. It highlights key features and benefits in a clear and concise manner.,GOOD,success,,,,,,,,,,,
Kobo Libra 2,"features: 7″ E Ink Carta, Bluetooth audiobooks, waterproof IPX8; weight: light",plastic chassis,1‑year limited warranty,"""Read with comfort and convenience on the Kobo Libra 2. This e-reader features a 7"" E Ink Carta display and allows for wireless audiobook listening via Bluetooth. With its waterproof rating of IPX8, you can enjoy hours of reading anywhere. The durable plastic chassis is designed for long use, and a 1-year limited warranty offers peace of mind.""",5650.222458,235,85,,,,,,,,9.8e-06,,The description uses a neutral and informative tone suitable for an e-reader product. It highlights key features and benefits without being overly promotional or using emotionally charged language.,OK,success,,,,,,,,,,,
Anker Soundcore Motion+ Speaker,"features: 30 W audio, Hi‑Res, IPX7 waterproof; energy efficient",aluminum grille,18‑month warranty,"Elevate your outdoor music experience with the Anker Soundcore Motion+ Speaker. Equipped with a Hi-Res audio system and 30W output, this portable speaker delivers rich sound wherever you go. With an IPX7 waterproof rating and aluminum grille, it's built to withstand the elements. Additionally, it's designed with energy efficiency in mind. Protect your investment with our 18-month warranty.",5348.42625,229,83,,,,,,,,9.56e-06,,The description uses a friendly and persuasive tone without being overly promotional. It highlights key features and benefits in a clear and concise manner.,GOOD,success,,,,,,,,,,,
Sonos Move 2,"features: WiFi & Bluetooth, 24‑hr battery, automatic Trueplay; rating: 4.7/5",shock‑resistant shell,1‑year limited warranty,"Meet the Sonos Move 2, a portable speaker that combines effortless sound with convenient portability. With features like WiFi and Bluetooth connectivity, it's easy to stream your favorite music. The 24-hour battery life and automatic Trueplay ensure seamless listening. Its shock-resistant shell withstands rough handling. Backed by a 1-year limited warranty, this speaker is a great choice for those who want high-quality sound on the go. Enjoy a 4.7/5 star rating from satisfied customers.",7760.031667,236,102,,,,,,,,1.084e-05,,"The description uses a friendly and informative tone, highlighting key features and benefits without being overly promotional. It strikes a good balance between providing details and encouraging the reader to consider the product.",GOOD,success,,,,,,,,,,,
Philips Hue White & Color Ambiance Starter Kit,"features: 16 million colors, Bluetooth & Zigbee, voice control; limited edition",plastic bulbs,2‑year limited warranty,"""Introducing the Philips Hue White & Color Ambiance Starter Kit, a unique limited edition lighting solution. This starter kit offers a wide range of color options with 16 million hues to choose from. Enjoy seamless control with Bluetooth and Zigbee connectivity, and integrate with your voice assistant for effortless management. The kit includes plastic bulbs and comes with a 2-year limited warranty for your peace of mind.""",5356.671291,231,81,,,,,,,,9.48e-06,,"The description uses a friendly and informative tone, highlighting key features and benefits without being overly promotional. ",GOOD,success,,,,,,,,,,,
TP‑Link Deco XE75 Mesh WiFi 6E,"features: tri‑band AXE5400, 3‑pack covers 7 200 sq ft; battery: long‑lasting",plastic,2‑year limited warranty,"""Experience reliable and seamless WiFi coverage with the TP-Link Deco XE75 Mesh WiFi 6E system. This 3-pack covers up to 7,200 square feet, making it perfect for large homes. With a long-lasting battery and compact design, you can easily place units anywhere. A 2-year limited warranty also gives you peace of mind. Upgrade your home network today.""",6254.448,245,90,,,,,,,,1.03e-05,,The description uses a friendly and persuasive tone without being overly promotional or pushy. It highlights key features and benefits in a clear and concise manner.,GOOD,success,,,,,,,,,,,
Eufy Video Doorbell Dual,"features: dual camera, package detection, 2K resolution; battery: long‑lasting",plastic housing,1‑year limited warranty,"Upgrade your home's security with the Eufy Video Doorbell Dual. This smart doorbell features two cameras with 2K resolution, allowing you to see and record every visitor, including package deliveries. Package detection ensures you're notified when something new arrives. The battery lasts longer, keeping you connected without the hassle. Crafted from plastic, the housing is durable and reliable. Covered by a 1-year limited warranty.",5938.99875,229,86,,,,,,,,9.74e-06,,The description uses a clear and direct sales voice without being overly promotional or pushy. It highlights key features and benefits in a concise and informative manner.,GOOD,success,,,,,,,,,,,
Blink Outdoor 4,"features: 1080p HD, 2‑year battery, weather‑resistant; limited edition",plastic,1‑year limited warranty,"Capture life's moments with the limited edition Blink Outdoor 4, designed for outdoor use. This compact and weather-resistant camera features 1080p HD video, and its 2-year battery ensures extended recording. Crafted from durable plastic, the Blink Outdoor 4 is built to last. Enjoy a 1-year limited warranty for added peace of mind. Bring your outdoor space to life with this reliable and stylish security camera.",9257.348959,228,86,,,,,,,,9.72e-06,,The description uses a friendly and approachable tone while highlighting the product's features and benefits. It avoids overly promotional language and maintains a credible voice.,GOOD,success,,,,,,,,,,,
Corsair K100 RGB Keyboard,"features: Cherry MX Speed, 4000 Hz polling, aluminum frame; capacity: large",brushed aluminum,2‑year warranty,"Elevate your gaming experience with the Corsair K100 RGB Keyboard. This high-performance keyboard features Cherry MX Speed switches and fast 4000 Hz polling. Built with a robust aluminum frame, it's designed to withstand heavy use. A large capacity translates to comfort during long sessions. Backed by a 2-year warranty, you can rely on the K100 for reliable performance.",5698.645375,228,78,,,,,,,,9.24e-06,,The description uses a confident and enthusiastic tone suitable for a gaming product. It highlights key features and benefits without being overly promotional or using exaggerated language.,GOOD,success,,,,,,,,,,,
Logitech MX Master 3S,"features: 8K DPI sensor, MagSpeed scroll, Bolt & Bluetooth; color options: multiple",plastic,1‑year limited warranty,"Boost your productivity with the Logitech MX Master 3S. This ergonomic mouse features a precise 8K DPI sensor and innovative MagSpeed scroll wheel. Designed for workflow flexibility, it connects via Bolt and Bluetooth for seamless performance. Available in multiple stylish colors, the MX Master 3S is crafted with durable plastic. Backed by a 1-year limited warranty, you can trust this reliable companion to enhance your workspace.",6731.249833,230,86,,,,,,,,9.76e-06,,The description uses positive and persuasive language without being overly promotional. It highlights key features and benefits in a clear and concise manner.,GOOD,success,,,,,,,,,,,
Razer DeathAdder V3 Pro,"features: 63 g ultralight, 30K DPI Focus Pro sensor; battery: long‑lasting",plastic,2‑year warranty,"Precision at your fingertips, exactly where you need it. The Razer DeathAdder V3 Pro gaming mouse boasts a weightless 63g design and features a 30K DPI Focus Pro sensor for accurate tracking. Built with durable plastic and backed by a 2-year warranty, this ultralight mouse is built to provide long-lasting performance.",5199.751167,233,71,,,,,,,,8.92e-06,,The description uses a confident and enthusiastic tone without being overly promotional. It highlights key features and benefits in a clear and concise manner.,GOOD,success,,,,,,,,,,,
Samsung 980 Pro 2 TB NVMe SSD,"features: PCIe 4.0, up to 7 000 MB/s read, nickel coating; battery: long‑lasting",PCB & NAND flash,5‑year limited warranty,"""Boost your system's performance with the Samsung 980 Pro 2 TB NVMe SSD. Backed by a reliable 5-year limited warranty, this high-speed storage device features a nickel coating and supports PCIe 4.0 with read speeds of up to 7,000 MB/s. Made from durable PCB and NAND flash, it's designed to last.""",6834.99025,244,83,,,,,,,,9.86e-06,,The description uses a clear and direct tone that highlights the product's key features and benefits. It avoids overly promotional language and maintains a professional and credible voice.,GOOD,success,,,,,,,,,,,
Seagate Portable 5 TB HDD,"features: USB 3.0, plug‑and‑play, 2.5″ form factor; rating: 4.7/5",plastic shell,1‑year limited warranty,"Elevate your on-the-go data storage with the Seagate Portable 5 TB HDD. This compact, plug-and-play drive features a 2.5"" form factor and connects effortlessly via USB 3.0. Made with a durable plastic shell, this external hard drive provides reliable storage for all your files. With a 4.7-star rating and a 1-year limited warranty, you can trust the Seagate Portable 5 TB HDD to keep your data accessible and secure.",6993.487458,242,100,,,,,,,,1.084e-05,,"The description uses a friendly and informative tone, highlighting the product's benefits without being overly promotional. It strikes a good balance between providing technical details and emphasizing user-friendliness and reliability.",GOOD,success,,,,,,,,,,,
SanDisk Extreme PRO 128 GB SDXC,"features: UHS‑I U3, 200 MB/s read, waterproof; battery: long‑lasting",plastic,lifetime limited warranty,"Store and capture more with the SanDisk Extreme PRO 128 GB SDXC card. With a long-lasting battery and UHS-I U3 speed, 200 MB/s read capability, this durable plastic card can withstand accidental immersion in water. Enjoy peace of mind with a lifetime limited warranty.",4324.985583,233,59,,,,,,,,8.2e-06,,"The description uses a friendly and informative tone, highlighting key features and benefits without being overly promotional.",GOOD,success,,,,,,,,,,,
Kingston Fury Beast 32 GB DDR5,"features: 6000 MT/s, Intel XMP 3.0, low‑profile heat spreader; energy efficient",aluminum heatspreader,lifetime warranty,"Upgrade your system with the Kingston Fury Beast 32GB DDR5 memory. This high-performance module boasts a speed of up to 6000MT/s and features Intel XMP 3.0 for easy overclocking. A low-profile heat spreader made from aluminum helps keep your system cool. Plus, with a lifetime warranty, you can rely on the Fury Beast for years to come.",4988.6575,237,79,,,,,,,,9.48e-06,,The description uses a clear and direct sales voice without being overly promotional or pushy. It highlights key features and benefits in a concise and informative manner.,GOOD,success,,,,,,,,,,,
Acer Predator XB273U 27″ Monitor,"features: 2560×1440 170 Hz IPS, HDR400, G‑Sync Compatible; capacity: large",plastic & metal stand,3‑year warranty,"Experience high-performance gaming and stunning visuals with the Acer Predator XB273U 27"" Monitor. Boasting a 2560x1440 resolution, 170Hz refresh rate, and HDR400, this IPS monitor delivers vibrant colors and fast motion. Compatible with G-Sync technology, it's designed to optimize your gaming experience. Durable and premium in build, with a large capacity, this monitor is backed by a 3-year warranty.",5874.526833,239,90,,,,,,,,1.018e-05,,,,error,"1 validation error for CriterionJudgeResult
  Invalid JSON: EOF while parsing an object at line 3762 column 0 [type=json_invalid, input_value='{\n""explanation"": ""The d... \n  \n  \n  \n  \n  \n', input_type=str]
    For further information visit https://errors.pydantic.dev/2.12/v/json_invalid",,,,,,,,,,
BenQ PD2725U 27″ Monitor,"features: 4K UHD IPS, 98% P3, Thunderbolt 3; color options: multiple",metal stand,3‑year warranty,"Experience stunning 4K UHD visuals on the BenQ PD2725U 27"" Monitor, featuring an IPS panel and 98% P3 color space. With Thunderbolt 3 connectivity, you can power your system and transfer data at high speeds. This premium monitor boasts a sturdy metal stand and comes with a comprehensive 3-year warranty. Available in multiple color options.",4471.41525,237,78,,,,,,,,9.42e-06,,The description uses a professional and informative tone without being overly promotional or pushy. It highlights key features and benefits in a clear and concise manner.,GOOD,success,,,,,,,,,,,
ASUS ProArt PA278QV Monitor,"features: 27″ 2560×1440 IPS, 100% sRGB, Calman Verified; weight: light",metal stand,3‑year warranty,"Elevate your creative workflow with the ASUS ProArt PA278QV Monitor, a reliable display for graphics professionals. This 27"" IPS monitor features a crystal-clear 2560x1440 resolution and 100% sRGB color accuracy, ensuring precise color representation. Sturdy and durable, the metal stand keeps the monitor stable. Backed by a 3-year warranty, you can trust this monitor to meet your professional needs.",5349.428,237,89,,,,,,,,1.008e-05,,The description uses professional and confident language without being overly promotional. It highlights key features and benefits in a clear and concise manner.,GOOD,success,,,,,,,,,,,
